Afghanistan,http://www.moic.gov.af,http://www.acbr.gov.af
Antigua and Barbuda,https://abipco.gov.ag/
Albania,www.kultura.gov.alwww.dda.gov.al,http://www.dppm.gov.al/index1.php
Armenia,http://www.aipa.am/hy/,http://www.aipa.am/
Angola
Argentina,http://www.jus.gov.ar/tramites-y-servicios/derecho-de-autor,http://www.inpi.gob.ar
Austria,http://www.justiz.gv.at/,http://www.patentamt.at
Australia,https://www.communications.gov.au/what-we-do/copyright,http://www.ipaustralia.gov.au
Azerbaijan,http://www.copat.gov.az/http://www.copag.gov.az/copag/en
Bosnia and Herzegovina,http://www.ipr.gov.ba,http://www.ipr.gov.ba
Barbados,http://www.caipo.gov.bb
Bangladesh,http://www.copyrightoffice.gov.bd/,http://www.dpdt.gov.bd/
Belgium,https://economie.fgov.be/en/themes/intellectual-property/contact-information,http://www.boip.int,http://www.boip.int
Burkina Faso,http://www.bbda.bf/quotidien/actualite/index.php,http://www.commerce.gov.bf
Bulgaria,http://mc.government.bg,http://www.bpo.bg
Bahrain,http://www.mia.gov.bh/en/,http://www.moic.gov.bh/en/Pages/default.aspx
Burundi,http://mincommerce.gov.bi/
Benin
Brunei Darussalam,http://www.agc.gov.bn/,http://www.bruipo.gov.bn
Bolivia (Plurinational State of),http://www.senapi.gob.bo,http://www.senapi.gob.bo
Brazil,http://www.cultura.gov.br,http://www.inpi.gov.br
Bahamas,http://www.bahamas.gov.bs/rgd,http://www.bahamas.gov.bs/rgd
Bhutan,http://www.moea.gov.bt/
Botswana
Belarus,http://www.belgospatent.org.by,http://www.belgospatent.org.by
Belize,http://www.belipo.bz
Canada,http://www.ic.gc.ca/eic/site/cipointernet-internetopic.nsf/fra/accueilhttps://www.canada.ca/en/intellectual-property-office.html,https://www.canada.ca/en/intellectual-property-office.htmlhttp://www.ic.gc.ca/eic/site/cipointernet-internetopic.nsf/fra/accueil
Democratic Republic of the Congo
Central African Republic
Congo
Switzerland,http://www.ige.ch,http://www.ige.ch
Chile,http://www.propiedadintelectual.clhttp://www.ddi.cl/,http://www.inapi.cl/
Cameroon,http://www.minmidt.cm/
China,http://www.ncac.gov.cn,http://english.cnipa.gov.cn/,http://sbj.saic.gov.cnhttp://www.saic.gov.cn
Colombia,http://www.derechodeautor.gov.co/,http://www.sic.gov.co
Costa Rica,http://www.rnpdigital.com/,http://www.rnpdigital.com/
Cuba,http://www.ocpi.cu
Cabo Verde,http://www.igqpi.cv/,http://www.igqpi.cv/
Cyprus,http://www.mcit.gov.cy/mcit/mcit.nsf/index_el/index_el?OpenDocument,http://www.mcit.gov.cy/mcit/mcit.nsf/index_el/index_el?OpenDocument
Czech Republic,https://www.mkcr.cz/autorske-pravo-15.html,http://www.upv.cz
Germany, http://www.bmjv.bund.de,http://www.dpma.de/
Djibouti,http://www.mci.djhttp://www.odpic.dj/
Denmark,http://www.kum.dk,http://www.dkpto.org
Dominica,http://www.cipo.gov.dm/about-us
Dominican Republic,http://www.cultura.gob.do/,http://onapi.gob.do/
Algeria,http://www.onda.dz/,http://www.inapi.org
Ecuador,http://www.propiedadintelectual.gob.ec,http://www.propiedadintelectual.gob.ec/
Estonia,http://www.just.ee,http://www.epa.ee
Egypt,http://www.egypo.gov.eg,http://www.itda.gov.eg/
Eritrea
Spain,http://www.mcu.es/propiedadInt/index.html,http://www.oepm.es
Ethiopia,http://www.eipo.gov.et/
Finland,http://www.minedu.fi,http://www.prh.fi/en/index.html
Fiji,http://www.ag.gov.fj/
Micronesia (Federated States of)
France,http://www.droitsdauteur.culture.gouv.fr/index-pla.htm,http://www.inpi.fr
Gabon
United Kingdom,http://www.ipo.gov.uk/,http://www.ipo.gov.uk
Grenada
Georgia,http://www.sakpatenti.gov.ge,http://www.sakpatenti.gov.ge
Ghana,http://www.copyright.gov.gh
Gambia
Guinea
Equatorial Guinea
Greece,http://www.opi.gr,http://www.obi.gr/obi/Default.aspx?tabid=71&
Guatemala,https://www.rpi.gob.gt/,https://www.rpi.gob.gt/
Guinea-Bissau
Guyana,http://legalaffairs.gov.gy/contact-us
Honduras,http://www.digepih.webs.com
Croatia,http://www.dziv.hr,http://www.dziv.hr/
Haiti,https://www.bhda.gouv.ht/,http://www.mci.gouv.ht/
Hungary,http://www.hipo.gov.huhttp://www.hipo.gov.hu/en/copyright-and-related-rights,http://www.hipo.gov.hu
Indonesia,http://www.dgip.go.id,http://www.dgip.go.id
Ireland,www.dbei.gov.ie,http://www.patentsoffice.ie
Israel,http://www.justice.gov.il/MOJEng/Mankal/,http://www.justice.gov.il/En/Units/ILPO/Pages/default.aspx
India,http://www.ipindia.nic.in
Iraq
Iran (Islamic Republic of),http://iripo.ssaa.ir/http://iripo.ssaa.ir/Default.aspx?tabid=3974
Iceland,http://eng.menntamalaraduneyti.is/,http://www.patent.is
Italy,http://www.librari.beniculturali.it/opencms/opencms/it/,http://www.uibm.gov.it
Jamaica,http://www.jipo.gov.jm,http://www.jipo.gov.jm
Jordan,http://www.mit.gov.jo
Japan,http://www.bunka.go.jp/,http://www.jpo.go.jp
Kenya,http://www.copyright.go.ke/,http://www.kipi.go.ke/
Kyrgyzstan,http://www.patent.kg/index.php/en/,http://www.patent.kg/index.php/en/
Cambodia,http://www.mcfa.gov.kh/#,http://www.mih.gov.kh/,http://www.cambodiaip.gov.kh/
Kiribati
Comoros
Saint Kitts and Nevis,https://ipo.gov.kn/
Democratic People's Republic of Korea
Republic of Korea,http://www.mcst.go.kr/main.jsp,http://www.kipo.go.kr
Kuwait
Kazakhstan,http://www.adilet.gov.kz,http://www.kazpatent.kz
Lao People's Democratic Republic,http://www.stea.la.wipo.net/index.html
Lebanon,http://www.economy.gov.lb,http://www.economy.gov.lb
Saint Lucia
Liechtenstein,http://www.avw.llv.li/,http://www.avw.llv.li/
Sri Lanka,http://www.nipo.gov.lk,http://www.nipo.gov.lk
Liberia
Lesotho
Lithuania,https://lrkm.lrv.lt/en/,https://vpb.lrv.lt/
Luxembourg,http://www.etat.lu/EC,http://www.etat.lu/EC,http://www.boip.int,http://www.boip.int
Latvia,http://www.km.gov.lv/en/sector/copyright.html,http://www.lrpv.gov.lv
Libya
Morocco,http://bmda.org.ma/,http://www.ompic.org.ma
Monaco,http://en.gouv.mc/Government-Institutions/The-Government/Ministry-of-Finance-and-Economy/Business-Development-Agencyhttps://mcipo.gouv.mc/
Republic of Moldova,http://www.agepi.md
Madagascar,http://www.omda.mg/index.html,http://www.omapi.mg/
Marshall Islands
the former Yugoslav Republic of Macedonia,http://www.ippo.gov.mk
Mali
Myanmar
Mongolia,http://www.ipom.gov.mn
Mauritania
Malta,http://www.commerce.gov.mt,http://www.commerce.gov.mt
Mauritius,http://masa.intnet.muhttp://culture.govmu.org/English/ParastatalBodies/Pages/MAURITIUS-SOCIETY-OF-AUTHORS-%28MASA%29.aspx,http://foreign.govmu.org/English/AboutUs/Pages/International-Trade-Division.aspx
Maldives,http://www.trade.gov.mv/
Malawi
Mexico,http://www.indautor.gob.mx,https://www.gob.mx/impi/
Malaysia,http://www.myipo.gov.my,http://www.myipo.gov.my
Mozambique,http://www.ipi.gov.mz
Namibia,http://www.bipa.na/,http://www.bipa.na/
Niger,http://www.bnda.ne.wipo.net
Nigeria,http://www.copyright.gov.ng/,http://www.iponigeria.com/#/
Nicaragua,www.mific.gob.ni,http://www.mific.gob.ni/REGISTRODELAPROPIEDADINTELECTUAL/tabid/110/language/es-NI/Default.aspx
Netherlands,http://www.government.nl/,http://www.bip.sx/,http://www.opi-aruba.org/,http://www.bip.cw/,http://www.rvo.nl/octrooien,http://www.boip.int,http://www.boip.int
Norway,http://www.regjeringen.no/en/dep/kud.html?id=545,https://www.patentstyret.no/en/
Nepal,http://www.nepalcopyright.gov.np,http://doind.gov.np/index.php
Nauru
New Zealand,http://www.mbie.govt.nz,http://www.iponz.govt.nz
Oman,https://moci.gov.om/
Panama
Peru,http://www.indecopi.gob.pe
Papua New Guinea,http://ipopng.gov.pg/,http://www.ipopng.gov.pg/
Philippines,http://www.ipophil.gov.ph/
Pakistan,http://www.ipo.gov.pk,http://www.ipo.gov.pk,http://www.ipo.gov.pk,http://www.ipo.gov.pk
Poland,http://mkidn.gov.pl/,http://www.uprp.pl
Portugal,http://www.gepac.gov.pt,http://www.inpi.pt
Palau
Paraguay,http://www.dinapi.gov.py/
Qatar
Romania,http://www.orda.ro/,http://www.osim.ro
Russian Federation,http://www.rupto.ru/rupto/portal/start?lang=ru,http://www.rupto.ru/rupto/portal/start?lang=ru
Rwanda,http://www.rdb.rw,http://www.rdb.rw
Saudi Arabia,http://mci.gov.sa/en/ServicesDirectory/Pages/Services.aspx?Category=Trade%20Marks,https://www.kacst.edu.sa/eng/IndustInnov/SPO/
Solomon Islands
Seychelles
Sudan,www.ipsudan.gov.sd
Sweden,http://www.regeringen.se,http://www.prv.se
Singapore,http://www.ipos.gov.sg,http://www.ipos.gov.sg
Slovenia,http://www.uil-sipo.si/,http://www.uil-sipo.si/
Slovakia,http://www.culture.gov.sk/,https://www.indprop.gov.sk/
Sierra Leone
San Marino,http://www.usbm.sm/on-line/en/home.html
Senegal
Somalia
Suriname
Sao Tome and Principe,http://senapi-stp.net/spip.php?rubrique1,http://senapi-stp.net/spip.php?rubrique1
El Salvador,http://www.cnr.gob.sv,http://www.cnr.gob.sv
Syrian Arab Republic,http://moc.gov.sy/index.php,http://www.spo.gov.sy
Eswatini,http://www.gov.sz/index.php?option=com_content&view;=article&id;=228&Itemid;=306,http://www.gov.sz/index.php?option=com_content&view;=article&id;=228&Itemid;=306
Chad
Togo,http://butodra.com/
Thailand,http://www.ipthailand.go.th/en/
Tajikistan,http://www.ncpi.tj/index.php/ru/
Turkmenistan
Tunisia,http://www.otdav.tn/contact/,http://www.innorpi.tn/
Tonga,www.businessregistries.gov.to,www.businessregistries.gov.to
Turkey,http://www.kulturturizm.gov.tr http://www.telifhaklari.gov.tr/ana/default.asp,http://www.turkpatent.gov.tr/
Trinidad and Tobago,http://www.ipo.gov.tt/
Tuvalu
United Republic of Tanzania,http://www.cosota-tz.org,http://www.brela.go.tz/
Ukraine,http://www.me.gov.ua,http://www.me.gov.ua,http://www.uipv.org
Uganda,http://ursb.go.ug/,http://ursb.go.ug/
United States of America,http://www.copyright.gov/,http://www.uspto.gov
Uruguay,http://www.mec.gub.uy/,http://www.miem.gub.uy/web/marcas-y-patentes
Uzbekistan,http://www.ima.uz,http://www.ima.uz
Holy See,http://www.vaticanstate.va/content/vaticanstate/en.html,http://www.vaticanstate.va/content/vaticanstate/en.html
Saint Vincent and the Grenadines,http://www.cipo.gov.vc/,http://www.cipo.gov.vc/
Venezuela (Bolivarian Republic of),http://www.sapi.gob.ve,http://www.sapi.gob.ve
Viet Nam,http://www.cov.gov.vn/,http://www.noip.gov.vn/web/noip/home/en?proxyUrl=/noip/cms_en.nsf
Vanuatu
Samoa,http://www.mcil.gov.ws,http://www.mcil.gov.ws
Yemen,http://www.yipo.gov.ye
Serbia, http://www.zis.gov.rs,http://www.zis.gov.rs
South Africa,http://www.cipc.co.za/
Zambia,http://www.pacra.org.zm/
Zimbabwe
Montenegro,http://www.ziscg.me,http://www.ziscg.me
Timor-Leste,http://www.timor-lestemission.ch
South Sudan 
Cook Islands,http://www.culture.gov.ck



